{
    "file_count": 24,
    "scenarios": {
        "s12_ppa3": {
            "runs": 4,
            "avg_cumulative_global_stars": 5486.758333333333,
            "skip_strategy_edge": 5483.79876461342,
            "throughput_lock_in_rate": 0.9220207491964758,
            "median_cumulative_global_stars": 4610.5,
            "top10_average": 13017.25,
            "top1_average": 14897.75,
            "top10_share": 0.23689422710757066,
            "top1_share": 0.09037433400988967
        },
        "s12_ppa5": {
            "runs": 4,
            "avg_cumulative_global_stars": 5182.95,
            "skip_strategy_edge": -1057.4743909191584,
            "throughput_lock_in_rate": 0.9322631137611137,
            "median_cumulative_global_stars": 4626,
            "top10_average": 12143.600000000002,
            "top1_average": 14596.25,
            "top10_share": 0.23424405316344343,
            "top1_share": 0.056346189234725785
        },
        "s12_ppa8": {
            "runs": 4,
            "avg_cumulative_global_stars": 5169.896875,
            "skip_strategy_edge": -1841.1415828303154,
            "throughput_lock_in_rate": 0.92703739922814,
            "median_cumulative_global_stars": 4406.25,
            "top10_average": 11965.0625,
            "top1_average": 16031.5,
            "top10_share": 0.23136761095966984,
            "top1_share": 0.0387563230244799
        },
        "s20_ppa3": {
            "runs": 4,
            "avg_cumulative_global_stars": 8747.175,
            "skip_strategy_edge": 8612.425925925927,
            "throughput_lock_in_rate": 0.9240298866820091,
            "median_cumulative_global_stars": 7927,
            "top10_average": 18006.333333333332,
            "top1_average": 19280.5,
            "top10_share": 0.20584987698277915,
            "top1_share": 0.07348033319196796
        },
        "s20_ppa5": {
            "runs": 4,
            "avg_cumulative_global_stars": 8516,
            "skip_strategy_edge": 3278.38400116144,
            "throughput_lock_in_rate": 0.919629503777017,
            "median_cumulative_global_stars": 7816.75,
            "top10_average": 18194.9,
            "top1_average": 23789.75,
            "top10_share": 0.21343560394849528,
            "top1_share": 0.05574404308553782
        },
        "s20_ppa8": {
            "runs": 4,
            "avg_cumulative_global_stars": 8406.571875,
            "skip_strategy_edge": 2508.2223795672585,
            "throughput_lock_in_rate": 0.9205991973211166,
            "median_cumulative_global_stars": 7545,
            "top10_average": 18102.5625,
            "top1_average": 23085.75,
            "top10_share": 0.2152502379357769,
            "top1_share": 0.034353716017842276
        }
    },
    "archetypes": [
        {
            "key": "hoarder",
            "label": "Hoarder",
            "runs": 24,
            "cumulative_global_stars_avg": 11924.722916666668,
            "cumulative_global_stars_median": 11556.583333333334,
            "seasons_entered_avg": 6.836458333333334,
            "seasons_skipped_avg": 9.163541666666665,
            "average_final_rank": 6.8702841159612005,
            "lock_in_count_sum_avg": 36.416666666666664,
            "natural_expiry_count_sum_avg": 0.041666666666666664
        },
        {
            "key": "star_focused",
            "label": "Star-Focused",
            "runs": 24,
            "cumulative_global_stars_avg": 11300.122569444444,
            "cumulative_global_stars_median": 10828.708333333334,
            "seasons_entered_avg": 6.443055555555554,
            "seasons_skipped_avg": 9.556944444444445,
            "average_final_rank": 7.1615542328042325,
            "lock_in_count_sum_avg": 34.166666666666664,
            "natural_expiry_count_sum_avg": 0.041666666666666664
        },
        {
            "key": "early_locker",
            "label": "Early Locker",
            "runs": 24,
            "cumulative_global_stars_avg": 7719.2444444444445,
            "cumulative_global_stars_median": 7236.958333333333,
            "seasons_entered_avg": 9.381944444444443,
            "seasons_skipped_avg": 6.618055555555556,
            "average_final_rank": 12.937190666654514,
            "lock_in_count_sum_avg": 50.25,
            "natural_expiry_count_sum_avg": 0.08333333333333333
        },
        {
            "key": "casual",
            "label": "Casual",
            "runs": 24,
            "cumulative_global_stars_avg": 7637.196875000001,
            "cumulative_global_stars_median": 7400.833333333333,
            "seasons_entered_avg": 7.370138888888889,
            "seasons_skipped_avg": 8.629861111111111,
            "average_final_rank": 10.977873902717654,
            "lock_in_count_sum_avg": 39.875,
            "natural_expiry_count_sum_avg": 0.08333333333333333
        },
        {
            "key": "regular",
            "label": "Regular",
            "runs": 24,
            "cumulative_global_stars_avg": 7610.485763888889,
            "cumulative_global_stars_median": 7325.416666666667,
            "seasons_entered_avg": 7.423958333333334,
            "seasons_skipped_avg": 8.576041666666667,
            "average_final_rank": 11.927347294873336,
            "lock_in_count_sum_avg": 37.791666666666664,
            "natural_expiry_count_sum_avg": 1.625
        },
        {
            "key": "aggressive_sigil_user",
            "label": "Aggressive Sigil User",
            "runs": 24,
            "cumulative_global_stars_avg": 6061.205902777777,
            "cumulative_global_stars_median": 5741,
            "seasons_entered_avg": 6.5874999999999995,
            "seasons_skipped_avg": 9.4125,
            "average_final_rank": 12.627476989638447,
            "lock_in_count_sum_avg": 32.125,
            "natural_expiry_count_sum_avg": 2.7916666666666665
        },
        {
            "key": "late_deployer",
            "label": "Late Deployer",
            "runs": 24,
            "cumulative_global_stars_avg": 6004.907291666666,
            "cumulative_global_stars_median": 5700.583333333333,
            "seasons_entered_avg": 5.955208333333332,
            "seasons_skipped_avg": 10.044791666666667,
            "average_final_rank": 12.485368992504412,
            "lock_in_count_sum_avg": 28.416666666666668,
            "natural_expiry_count_sum_avg": 3.0416666666666665
        },
        {
            "key": "mostly_idle",
            "label": "Mostly Idle",
            "runs": 24,
            "cumulative_global_stars_avg": 4657.413194444444,
            "cumulative_global_stars_median": 4451.916666666667,
            "seasons_entered_avg": 6.390625,
            "seasons_skipped_avg": 9.609374999999998,
            "average_final_rank": 13.327057805234887,
            "lock_in_count_sum_avg": 33.875,
            "natural_expiry_count_sum_avg": 0
        },
        {
            "key": "hardcore",
            "label": "Hardcore",
            "runs": 24,
            "cumulative_global_stars_avg": 3970.053125,
            "cumulative_global_stars_median": 3174.6666666666665,
            "seasons_entered_avg": 6.634722222222223,
            "seasons_skipped_avg": 9.365277777777775,
            "average_final_rank": 17.335627066798942,
            "lock_in_count_sum_avg": 27.125,
            "natural_expiry_count_sum_avg": 8.083333333333334
        },
        {
            "key": "boost_focused",
            "label": "Boost-Focused",
            "runs": 24,
            "cumulative_global_stars_avg": 2296.901388888888,
            "cumulative_global_stars_median": 1525.125,
            "seasons_entered_avg": 5.5395833333333355,
            "seasons_skipped_avg": 10.460416666666665,
            "average_final_rank": 19.378132853835975,
            "lock_in_count_sum_avg": 17.583333333333332,
            "natural_expiry_count_sum_avg": 12.166666666666666
        }
    ],
    "dominance": [
        {
            "label": "Hoarder",